,case,commit,build_error,find_error,unique_cmt
0,/home/marui18b/zy/auto_cmt/cases/QF_S100.smt2,fdc87f286, , ,1
0,/home/marui18b/zy/auto_cmt/cases/QF_S225.smt2,fdc87f286, , ,1
0,/home/marui18b/zy/auto_cmt/cases/QF_S236.smt2,fdc87f286, , ,1
0,/home/marui18b/zy/auto_cmt/cases/QF_S190.smt2,fdc87f286, , ,1
0,/home/marui18b/zy/auto_cmt/cases/QF_S90.smt2,fdc87f286, , ,1
0,/home/marui18b/zy/auto_cmt/cases/QF_S62.smt2,fdc87f286, , ,1
0,/home/marui18b/zy/auto_cmt/cases/QF_S106.smt2,fdc87f286, , ,1
0,/home/marui18b/zy/auto_cmt/cases/QF_S119.smt2,fdc87f286, , ,1
0,/home/marui18b/zy/auto_cmt/cases/QF_S47.smt2,fdc87f286, , ,1
0,/home/marui18b/zy/auto_cmt/cases/QF_S117.smt2,fdc87f286, , ,1
0,/home/marui18b/zy/auto_cmt/cases/QF_S235.smt2,fdc87f286, , ,1
0,/home/marui18b/zy/auto_cmt/cases/QF_S110.smt2,fdc87f286, , ,1
0,/home/marui18b/zy/auto_cmt/cases/QF_S161.smt2,fdc87f286, , ,1
0,/home/marui18b/zy/auto_cmt/cases/QF_S198.smt2,fdc87f286, , ,1
0,/home/marui18b/zy/auto_cmt/cases/QF_S233.smt2,fdc87f286, , ,1
0,/home/marui18b/zy/auto_cmt/cases/QF_S194.smt2,fdc87f286, , ,1
0,/home/marui18b/zy/auto_cmt/cases/QF_S169.smt2,fdc87f286, , ,1
0,/home/marui18b/zy/auto_cmt/cases/QF_S80.smt2,fdc87f286, , ,1
0,/home/marui18b/zy/auto_cmt/cases/QF_S174.smt2,fdc87f286, , ,1
0,/home/marui18b/zy/auto_cmt/cases/QF_S164.smt2,fdc87f286, , ,1
0,/home/marui18b/zy/auto_cmt/cases/QF_S37.smt2,fdc87f286, , ,1
0,/home/marui18b/zy/auto_cmt/cases/QF_S170.smt2,fdc87f286, , ,1
0,/home/marui18b/zy/auto_cmt/cases/QF_S24.smt2,fdc87f286, , ,1
0,/home/marui18b/zy/auto_cmt/cases/QF_S120.smt2,0fe2d3d8b, ,Y,2
0,/home/marui18b/zy/auto_cmt/cases/QF_S247.smt2,0fe2d3d8b, ,Y,2
0,/home/marui18b/zy/auto_cmt/cases/QF_S59.smt2,0fe2d3d8b, ,Y,2
0,/home/marui18b/zy/auto_cmt/cases/QF_S166.smt2,bb26f219f, ,Y,3
0,/home/marui18b/zy/auto_cmt/cases/QF_S230.smt2,bb26f219f, ,Y,3
0,/home/marui18b/zy/auto_cmt/cases/QF_S188.smt2,bb26f219f, ,Y,3
0,/home/marui18b/zy/auto_cmt/cases/QF_S240.smt2,bb26f219f, ,Y,3
0,/home/marui18b/zy/auto_cmt/cases/QF_S82.smt2,bb26f219f, ,Y,3
0,/home/marui18b/zy/auto_cmt/cases/QF_S153.smt2,bb26f219f, ,Y,3
0,/home/marui18b/zy/auto_cmt/cases/QF_S20.smt2,bb26f219f, ,Y,3
0,/home/marui18b/zy/auto_cmt/cases/QF_S144.smt2,bb26f219f, ,Y,3
0,/home/marui18b/zy/auto_cmt/cases/QF_S254.smt2,bb26f219f, ,Y,3
0,/home/marui18b/zy/auto_cmt/cases/QF_S131.smt2,bb26f219f, ,Y,3
0,/home/marui18b/zy/auto_cmt/cases/QF_S111.smt2,bb26f219f, ,Y,3
0,/home/marui18b/zy/auto_cmt/cases/QF_S25.smt2,bb26f219f, ,Y,3
0,/home/marui18b/zy/auto_cmt/cases/QF_S96.smt2,bb26f219f, ,Y,3
0,/home/marui18b/zy/auto_cmt/cases/QF_S28.smt2,bb26f219f, ,Y,3
0,/home/marui18b/zy/auto_cmt/cases/QF_S127.smt2,bb26f219f, ,Y,3
0,/home/marui18b/zy/auto_cmt/cases/QF_S31.smt2,bb26f219f, ,Y,3
0,/home/marui18b/zy/auto_cmt/cases/QF_S180.smt2,bb26f219f, ,Y,3
0,/home/marui18b/zy/auto_cmt/cases/QF_S60.smt2,bb26f219f, ,Y,3
0,/home/marui18b/zy/auto_cmt/cases/QF_S173.smt2,bb26f219f, ,Y,3
0,/home/marui18b/zy/auto_cmt/cases/QF_S85.smt2,bb26f219f, ,Y,3
0,/home/marui18b/zy/auto_cmt/cases/QF_S102.smt2,d372af478, , ,4
0,/home/marui18b/zy/auto_cmt/cases/QF_S165.smt2,d372af478, , ,4
0,/home/marui18b/zy/auto_cmt/cases/QF_S193.smt2,d372af478, , ,4
0,/home/marui18b/zy/auto_cmt/cases/QF_S160.smt2,34cc60410, , ,5
0,/home/marui18b/zy/auto_cmt/cases/QF_S182.smt2,34cc60410, , ,5
0,/home/marui18b/zy/auto_cmt/cases/QF_S55.smt2,4753d93bb, , ,6
0,/home/marui18b/zy/auto_cmt/cases/QF_S17.smt2,78feac446, , ,7
0,/home/marui18b/zy/auto_cmt/cases/QF_S75.smt2,78feac446, , ,7
0,/home/marui18b/zy/auto_cmt/cases/QF_S68.smt2,1796fc32f, , ,8
0,/home/marui18b/zy/auto_cmt/cases/QF_S137.smt2,1796fc32f, , ,8
0,/home/marui18b/zy/auto_cmt/cases/QF_S78.smt2,1796fc32f, , ,8
0,/home/marui18b/zy/auto_cmt/cases/QF_S114.smt2,1796fc32f, , ,8
0,/home/marui18b/zy/auto_cmt/cases/QF_S53.smt2,1796fc32f, , ,8
0,/home/marui18b/zy/auto_cmt/cases/QF_S213.smt2,1796fc32f, , ,8
0,/home/marui18b/zy/auto_cmt/cases/QF_S206.smt2,1796fc32f, , ,8
0,/home/marui18b/zy/auto_cmt/cases/QF_S189.smt2,1796fc32f, , ,8
0,/home/marui18b/zy/auto_cmt/cases/QF_S138.smt2,1796fc32f, , ,8
0,/home/marui18b/zy/auto_cmt/cases/QF_S212.smt2,1796fc32f, , ,8
0,/home/marui18b/zy/auto_cmt/cases/QF_S196.smt2,1796fc32f, , ,8
0,/home/marui18b/zy/auto_cmt/cases/QF_S222.smt2,1796fc32f, , ,8
0,/home/marui18b/zy/auto_cmt/cases/QF_S234.smt2,1796fc32f, , ,8
0,/home/marui18b/zy/auto_cmt/cases/QF_S142.smt2,1796fc32f, , ,8
0,/home/marui18b/zy/auto_cmt/cases/QF_S249.smt2,1796fc32f, , ,8
0,/home/marui18b/zy/auto_cmt/cases/QF_S1.smt2,1796fc32f, , ,8
0,/home/marui18b/zy/auto_cmt/cases/QF_S58.smt2,1796fc32f, , ,8
0,/home/marui18b/zy/auto_cmt/cases/QF_S61.smt2,1796fc32f, , ,8
0,/home/marui18b/zy/auto_cmt/cases/QF_S167.smt2,1796fc32f, , ,8
0,/home/marui18b/zy/auto_cmt/cases/QF_S98.smt2,1796fc32f, , ,8
0,/home/marui18b/zy/auto_cmt/cases/QF_S87.smt2,1796fc32f, , ,8
0,/home/marui18b/zy/auto_cmt/cases/QF_S101.smt2,1796fc32f, , ,8
0,/home/marui18b/zy/auto_cmt/cases/QF_S238.smt2,1796fc32f, , ,8
0,/home/marui18b/zy/auto_cmt/cases/QF_S94.smt2,1796fc32f, , ,8
0,/home/marui18b/zy/auto_cmt/cases/QF_S183.smt2,1796fc32f, , ,8
0,/home/marui18b/zy/auto_cmt/cases/QF_S89.smt2,1796fc32f, , ,8
0,/home/marui18b/zy/auto_cmt/cases/QF_S229.smt2,1796fc32f, , ,8
0,/home/marui18b/zy/auto_cmt/cases/QF_S248.smt2,1796fc32f, , ,8
0,/home/marui18b/zy/auto_cmt/cases/QF_S157.smt2,1796fc32f, , ,8
0,/home/marui18b/zy/auto_cmt/cases/QF_S88.smt2,1796fc32f, , ,8
0,/home/marui18b/zy/auto_cmt/cases/QF_S158.smt2,1796fc32f, , ,8
0,/home/marui18b/zy/auto_cmt/cases/QF_S130.smt2,1796fc32f, , ,8
0,/home/marui18b/zy/auto_cmt/cases/QF_S70.smt2,1796fc32f, , ,8
0,/home/marui18b/zy/auto_cmt/cases/QF_S124.smt2,1796fc32f, , ,8
0,/home/marui18b/zy/auto_cmt/cases/QF_S215.smt2,1796fc32f, , ,8
0,/home/marui18b/zy/auto_cmt/cases/QF_S211.smt2,6d12540ce, , ,9
0,/home/marui18b/zy/auto_cmt/cases/QF_S244.smt2,6d12540ce, , ,9
0,/home/marui18b/zy/auto_cmt/cases/QF_S210.smt2,6d12540ce, , ,9
0,/home/marui18b/zy/auto_cmt/cases/QF_S42.smt2,6d12540ce, , ,9
0,/home/marui18b/zy/auto_cmt/cases/QF_S150.smt2,6d12540ce, , ,9
0,/home/marui18b/zy/auto_cmt/cases/QF_S205.smt2,6d12540ce, , ,9
0,/home/marui18b/zy/auto_cmt/cases/QF_S41.smt2,6d12540ce, , ,9
0,/home/marui18b/zy/auto_cmt/cases/QF_S34.smt2,6d12540ce, , ,9
0,/home/marui18b/zy/auto_cmt/cases/QF_S121.smt2,6d12540ce, , ,9
0,/home/marui18b/zy/auto_cmt/cases/QF_S9.smt2,6d12540ce, , ,9
0,/home/marui18b/zy/auto_cmt/cases/QF_S40.smt2,6d12540ce, , ,9
0,/home/marui18b/zy/auto_cmt/cases/QF_S184.smt2,6d12540ce, , ,9
0,/home/marui18b/zy/auto_cmt/cases/QF_S203.smt2,6d12540ce, , ,9
0,/home/marui18b/zy/auto_cmt/cases/QF_S123.smt2,6d12540ce, , ,9
0,/home/marui18b/zy/auto_cmt/cases/QF_S125.smt2,6d12540ce, , ,9
0,/home/marui18b/zy/auto_cmt/cases/QF_S197.smt2,6d12540ce, , ,9
0,/home/marui18b/zy/auto_cmt/cases/QF_S18.smt2,6d12540ce, , ,9
0,/home/marui18b/zy/auto_cmt/cases/QF_S46.smt2,e67112f28, , ,10
0,/home/marui18b/zy/auto_cmt/cases/QF_S23.smt2,e67112f28, , ,10
0,/home/marui18b/zy/auto_cmt/cases/QF_S148.smt2,e67112f28, , ,10
0,/home/marui18b/zy/auto_cmt/cases/QF_S162.smt2,e67112f28, , ,10
0,/home/marui18b/zy/auto_cmt/cases/QF_S133.smt2,e67112f28, , ,10
0,/home/marui18b/zy/auto_cmt/cases/QF_S29.smt2,e67112f28, , ,10
0,/home/marui18b/zy/auto_cmt/cases/QF_S93.smt2,e67112f28, , ,10
0,/home/marui18b/zy/auto_cmt/cases/QF_S30.smt2,e67112f28, , ,10
0,/home/marui18b/zy/auto_cmt/cases/QF_S152.smt2,e67112f28, , ,10
0,/home/marui18b/zy/auto_cmt/cases/QF_S35.smt2,b04c97458, , ,11
0,/home/marui18b/zy/auto_cmt/cases/QF_S65.smt2,b04c97458, , ,11
0,/home/marui18b/zy/auto_cmt/cases/QF_S128.smt2,b04c97458, , ,11
0,/home/marui18b/zy/auto_cmt/cases/QF_S11.smt2,b04c97458, , ,11
0,/home/marui18b/zy/auto_cmt/cases/QF_S67.smt2,b04c97458, , ,11
0,/home/marui18b/zy/auto_cmt/cases/QF_S76.smt2,b04c97458, , ,11
0,/home/marui18b/zy/auto_cmt/cases/QF_S201.smt2,b04c97458, , ,11
0,/home/marui18b/zy/auto_cmt/cases/QF_S209.smt2,cc8cd2cc2, , ,12
0,/home/marui18b/zy/auto_cmt/cases/QF_S7.smt2,cc8cd2cc2, , ,12
0,/home/marui18b/zy/auto_cmt/cases/QF_S204.smt2,cc8cd2cc2, , ,12
0,/home/marui18b/zy/auto_cmt/cases/QF_S192.smt2,cc8cd2cc2, , ,12
0,/home/marui18b/zy/auto_cmt/cases/QF_S19.smt2,3e9479d01, , ,13
0,/home/marui18b/zy/auto_cmt/cases/QF_S69.smt2,dd064a555, , ,14
0,/home/marui18b/zy/auto_cmt/cases/QF_S218.smt2,fcc34a07b, , ,15
0,/home/marui18b/zy/auto_cmt/cases/QF_S243.smt2,2c02264a9, , ,16
0,/home/marui18b/zy/auto_cmt/cases/QF_S208.smt2,2c02264a9, , ,16
0,/home/marui18b/zy/auto_cmt/cases/QF_S45.smt2,2c02264a9, , ,16
0,/home/marui18b/zy/auto_cmt/cases/QF_S52.smt2,2c02264a9, , ,16
0,/home/marui18b/zy/auto_cmt/cases/QF_S33.smt2,2c02264a9, , ,16
0,/home/marui18b/zy/auto_cmt/cases/QF_S86.smt2,2c02264a9, , ,16
0,/home/marui18b/zy/auto_cmt/cases/QF_S149.smt2,2c02264a9, , ,16
0,/home/marui18b/zy/auto_cmt/cases/QF_S108.smt2,2c02264a9, , ,16
0,/home/marui18b/zy/auto_cmt/cases/QF_S16.smt2,2c02264a9, , ,16
0,/home/marui18b/zy/auto_cmt/cases/QF_S223.smt2,2c02264a9, , ,16
0,/home/marui18b/zy/auto_cmt/cases/QF_S251.smt2,2c02264a9, , ,16
0,/home/marui18b/zy/auto_cmt/cases/QF_S147.smt2,2c02264a9, , ,16
0,/home/marui18b/zy/auto_cmt/cases/QF_S6.smt2,2c02264a9, , ,16
0,/home/marui18b/zy/auto_cmt/cases/QF_S71.smt2,2c02264a9, , ,16
0,/home/marui18b/zy/auto_cmt/cases/QF_S216.smt2,2c02264a9, , ,16
0,/home/marui18b/zy/auto_cmt/cases/QF_S224.smt2,2c02264a9, , ,16
0,/home/marui18b/zy/auto_cmt/cases/QF_S226.smt2,2c02264a9, , ,16
0,/home/marui18b/zy/auto_cmt/cases/QF_S66.smt2,6524a70c3, , ,17
0,/home/marui18b/zy/auto_cmt/cases/QF_S227.smt2,6524a70c3, , ,17
0,/home/marui18b/zy/auto_cmt/cases/QF_S49.smt2,06826adec, , ,18
0,/home/marui18b/zy/auto_cmt/cases/QF_S186.smt2,06826adec, , ,18
0,/home/marui18b/zy/auto_cmt/cases/QF_S239.smt2,06826adec, , ,18
0,/home/marui18b/zy/auto_cmt/cases/QF_S228.smt2,bfb5c95b9, , ,19
0,/home/marui18b/zy/auto_cmt/cases/QF_S163.smt2,bfb5c95b9, , ,19
0,/home/marui18b/zy/auto_cmt/cases/QF_S168.smt2,71ea7287b, , ,20
0,/home/marui18b/zy/auto_cmt/cases/QF_S129.smt2,71ea7287b, , ,20
0,/home/marui18b/zy/auto_cmt/cases/QF_S48.smt2,71ea7287b, , ,20
0,/home/marui18b/zy/auto_cmt/cases/QF_S2.smt2,c939195c1, , ,21
0,/home/marui18b/zy/auto_cmt/cases/QF_S122.smt2,c92a63690, , ,22
0,/home/marui18b/zy/auto_cmt/cases/QF_S143.smt2,e938ee33b, , ,23
0,/home/marui18b/zy/auto_cmt/cases/QF_S79.smt2,af2f74c05, , ,24
0,/home/marui18b/zy/auto_cmt/cases/QF_S73.smt2,3ab747766, , ,25
0,/home/marui18b/zy/auto_cmt/cases/QF_S217.smt2,3ab747766, , ,25
0,/home/marui18b/zy/auto_cmt/cases/QF_S132.smt2,3ab747766, , ,25
0,/home/marui18b/zy/auto_cmt/cases/QF_S253.smt2,3ab747766, , ,25
0,/home/marui18b/zy/auto_cmt/cases/QF_S171.smt2,e8cfbb41d, , ,26
0,/home/marui18b/zy/auto_cmt/cases/QF_S27.smt2,e8cfbb41d, , ,26
0,/home/marui18b/zy/auto_cmt/cases/QF_S92.smt2,320d6640b, , ,27
0,/home/marui18b/zy/auto_cmt/cases/QF_S57.smt2,320d6640b, , ,27
0,/home/marui18b/zy/auto_cmt/cases/QF_S81.smt2,c839f5827, , ,28
0,/home/marui18b/zy/auto_cmt/cases/QF_S145.smt2,73ab95d33, , ,29
0,/home/marui18b/zy/auto_cmt/cases/QF_S141.smt2,73ab95d33, , ,29
0,/home/marui18b/zy/auto_cmt/cases/QF_S231.smt2,73ab95d33, , ,29
0,/home/marui18b/zy/auto_cmt/cases/QF_S199.smt2,762f26561, , ,30
0,/home/marui18b/zy/auto_cmt/cases/QF_S83.smt2,e075f3815, , ,31
0,/home/marui18b/zy/auto_cmt/cases/QF_S113.smt2,e075f3815, , ,31
0,/home/marui18b/zy/auto_cmt/cases/QF_S219.smt2,e075f3815, , ,31
0,/home/marui18b/zy/auto_cmt/cases/QF_S38.smt2,e075f3815, , ,31
0,/home/marui18b/zy/auto_cmt/cases/QF_S179.smt2,e075f3815, , ,31
0,/home/marui18b/zy/auto_cmt/cases/QF_S126.smt2,e075f3815, , ,31
0,/home/marui18b/zy/auto_cmt/cases/QF_S64.smt2,e075f3815, , ,31
0,/home/marui18b/zy/auto_cmt/cases/QF_S135.smt2,ec0349819, , ,32
0,/home/marui18b/zy/auto_cmt/cases/QF_S159.smt2,ec0349819, , ,32
0,/home/marui18b/zy/auto_cmt/cases/QF_S12.smt2,67d19cba4, , ,33
0,/home/marui18b/zy/auto_cmt/cases/QF_S246.smt2,67d19cba4, , ,33
0,/home/marui18b/zy/auto_cmt/cases/QF_S99.smt2,5ced73afb, ,Y,34
0,/home/marui18b/zy/auto_cmt/cases/QF_S15.smt2,5ced73afb, ,Y,34
0,/home/marui18b/zy/auto_cmt/cases/QF_S245.smt2,5ced73afb, , ,34
0,/home/marui18b/zy/auto_cmt/cases/QF_S74.smt2,5ced73afb, ,Y,34
0,/home/marui18b/zy/auto_cmt/cases/QF_S202.smt2,ae8c6acc1, , ,35
0,/home/marui18b/zy/auto_cmt/cases/QF_S77.smt2,ae8c6acc1, , ,35
0,/home/marui18b/zy/auto_cmt/cases/QF_S140.smt2,cceae2e3f, , ,36
0,/home/marui18b/zy/auto_cmt/cases/QF_S107.smt2,cceae2e3f, , ,36
0,/home/marui18b/zy/auto_cmt/cases/QF_S63.smt2,21a31fcd2, , ,37
0,/home/marui18b/zy/auto_cmt/cases/QF_S220.smt2,21a31fcd2, , ,37
0,/home/marui18b/zy/auto_cmt/cases/QF_S22.smt2,21a31fcd2, , ,37
0,/home/marui18b/zy/auto_cmt/cases/QF_S109.smt2,21a31fcd2, , ,37
0,/home/marui18b/zy/auto_cmt/cases/QF_S252.smt2,21a31fcd2, , ,37
0,/home/marui18b/zy/auto_cmt/cases/QF_S214.smt2,d46593849, , ,38
0,/home/marui18b/zy/auto_cmt/cases/QF_S84.smt2,d46593849, , ,38
0,/home/marui18b/zy/auto_cmt/cases/QF_S200.smt2,d46593849, , ,38
0,/home/marui18b/zy/auto_cmt/cases/QF_S250.smt2,95a78b245, , ,39
0,/home/marui18b/zy/auto_cmt/cases/QF_S97.smt2,95a78b245, , ,39
0,/home/marui18b/zy/auto_cmt/cases/QF_S156.smt2,8f297666f, , ,40
0,/home/marui18b/zy/auto_cmt/cases/QF_S44.smt2,501aa7927, , ,41
0,/home/marui18b/zy/auto_cmt/cases/QF_S195.smt2,79b776fee, , ,42
0,/home/marui18b/zy/auto_cmt/cases/QF_S116.smt2,8f588a926, , ,43
0,/home/marui18b/zy/auto_cmt/cases/QF_S51.smt2,8f588a926, , ,43
0,/home/marui18b/zy/auto_cmt/cases/QF_S54.smt2,09516d74f, , ,44
0,/home/marui18b/zy/auto_cmt/cases/QF_S13.smt2,09516d74f, , ,44
0,/home/marui18b/zy/auto_cmt/cases/QF_S32.smt2,09516d74f, , ,44
0,/home/marui18b/zy/auto_cmt/cases/QF_S8.smt2,09516d74f, , ,44
0,/home/marui18b/zy/auto_cmt/cases/QF_S118.smt2,2da7a8dd7, , ,45
0,/home/marui18b/zy/auto_cmt/cases/QF_S242.smt2,2da7a8dd7, , ,45
0,/home/marui18b/zy/auto_cmt/cases/QF_S56.smt2,0911a06d8, ,Y,46
0,/home/marui18b/zy/auto_cmt/cases/QF_S112.smt2,b34f84142, , ,48
0,/home/marui18b/zy/auto_cmt/cases/QF_S221.smt2,b34f84142, , ,48
0,/home/marui18b/zy/auto_cmt/cases/QF_S185.smt2,b34f84142, , ,48
0,/home/marui18b/zy/auto_cmt/cases/QF_S43.smt2,477fd3fba, , ,49
0,/home/marui18b/zy/auto_cmt/cases/QF_S175.smt2,73d73e6c9, , ,50
0,/home/marui18b/zy/auto_cmt/cases/QF_S91.smt2,57f622acc, , ,51
0,/home/marui18b/zy/auto_cmt/cases/QF_S256.smt2,57f622acc, , ,51
0,/home/marui18b/zy/auto_cmt/cases/QF_S255.smt2,2104624df, , ,52
0,/home/marui18b/zy/auto_cmt/cases/QF_S151.smt2,0cf401c67, , ,53
